Workbook

Sheet Dados dos Candidatos
A1: PLANILHA DE AVALIAÇÃO DE CANDIDATOS - ENTREVISTA
A2: ID | B2: Nome do Candidato | C2: Cargo Pretendido | D2: Data Entrevista | E2: Nota Técnica (0-10) | F2: Nota Comportamental (0-10) | G2: Média Final | H2: Status
A3: 1 | B3: Silva, João Pedro | C3: Designer Gráfico | D3: 45648 | E3: 8.7 | F3: 9.6 | G3: =(E3+F3)/2 | H3: =SE(G3>=7;"Aprovado";SE(G3>=5;"Em Análise";"Reprovado"))
A4: 2 | B4: Santos, Maria Clara | C4: Engenheiro de Dados | D4: 45629 | E4: 9.9 | F4: 7.8 | G4: =(E4+F4)/2 | H4: =SE(G4>=7;"Aprovado";SE(G4>=5;"Em Análise";"Reprovado"))
A5: 3 | B5: Oliveira, Carlos Eduardo | C5: Supervisor de Produção | D5: 45636 | E5: 6.6 | F5: 6.3 | G5: =(E5+F5)/2 | H5: =SE(G5>=7;"Aprovado";SE(G5>=5;"Em Análise";"Reprovado"))
A6: 4 | B6: Souza, Ana Paula | C6: Analista de BI | D6: 45646 | E6: 6.4 | F6: 6.6 | G6: =(E6+F6)/2 | H6: =SE(G6>=7;"Aprovado";SE(G6>=5;"Em Análise";"Reprovado"))
A7: 5 | B7: Costa, Ricardo Luiz | C7: Coordenador de RH | D7: 45654 | E7: 8.2 | F7: 7.1 | G7: =(E7+F7)/2 | H7: =SE(G7>=7;"Aprovado";SE(G7>=5;"Em Análise";"Reprovado"))
A8: 6 | B8: Ferreira, Juliana Alves | C8: Supervisor de Produção | D8: 45629 | E8: 6.8 | F8: 9 | G8: =(E8+F8)/2 | H8: =SE(G8>=7;"Aprovado";SE(G8>=5;"Em Análise";"Reprovado"))
A9: 7 | B9: Rodrigues, Pedro Henrique | C9: Contador Senior | D9: 45655 | E9: 5.6 | F9: 7.8 | G9: =(E9+F9)/2 | H9: =SE(G9>=7;"Aprovado";SE(G9>=5;"Em Análise";"Reprovado"))
A10: 8 | B10: Almeida, Fernanda Costa | C10: Consultor de Vendas | D10: 45613 | E10: 7.5 | F10: 8.7 | G10: =(E10+F10)/2 | H10: =SE(G10>=7;"Aprovado";SE(G10>=5;"Em Análise";"Reprovado"))
A11: 9 | B11: Lima, Bruno Cardoso | C11: Analista de Sistemas | D11: 45642 | E11: 6.6 | F11: 7.1 | G11: =(E11+F11)/2 | H11: =SE(G11>=7;"Aprovado";SE(G11>=5;"Em Análise";"Reprovado"))
A12: 10 | B12: Pereira, Camila Santos | C12: Designer Gráfico | D12: 45614 | E12: 7.3 | F12: 8.3 | G12: =(E12+F12)/2 | H12: =SE(G12>=7;"Aprovado";SE(G12>=5;"Em Análise";"Reprovado"))
A13: 11 | B13: Gomes, Rafael Augusto | C13: Coordenador de RH | D13: 45615 | E13: 7.7 | F13: 8.3 | G13: =(E13+F13)/2 | H13: =SE(G13>=7;"Aprovado";SE(G13>=5;"Em Análise";"Reprovado"))
A14: 12 | B14: Martins, Beatriz Souza | C14: Analista de BI | D14: 45642 | E14: 5.9 | F14: 7.3 | G14: =(E14+F14)/2 | H14: =SE(G14>=7;"Aprovado";SE(G14>=5;"Em Análise";"Reprovado"))
... A22: 20 | B22: Vieira, Patricia Gomes | C22: Assistente Administrativo | D22: 45615 | E22: 8.1 | F22: 8.8 | G22: =(E22+F22)/2 | H22: =SE(G22>=7;"Aprovado";SE(G22>=5;"Em Análise";"Reprovado"))

Sheet Estatísticas
A1: ESTATÍSTICAS DE AVALIAÇÃO
A2: Indicador | B2: Valor | C2: Meta | D2: Diferença
A3: Total de Candidatos | B3: =CONT.VALORES('Dados dos Candidatos'!B3:B22) | C3: 20 | D3: =B3-C3
A4: Média Geral (Notas) | B4: =MÉDIA('Dados dos Candidatos'!G3:G22) | C4: 7.5 | D4: =B4-C4
A5: Candidatos Aprovados | B5: =CONT.SE('Dados dos Candidatos'!H3:H22;"Aprovado") | C5: 12 | D5: =B5-C5
A6: Candidatos em Análise | B6: =CONT.SE('Dados dos Candidatos'!H3:H22;"Em Análise") | C6: 5 | D6: =B6-C6
A7: Candidatos Reprovados | B7: =CONT.SE('Dados dos Candidatos'!H3:H22;"Reprovado") | C7: 3 | D7: =B7-C7
A8: Taxa de Aprovação (%) | B8: =(B5/B3)*100 | C8: 60 | D8: =B8-C8
A9: Maior Nota | B9: =MÁXIMO('Dados dos Candidatos'!G3:G22) | C9: 10 | D9: =B9-C9
A10: Menor Nota | B10: =MÍNIMO('Dados dos Candidatos'!G3:G22) | C10: 5 | D10: =B10-C10

Sheet Análise por Cargo
A1: ANÁLISE DE DESEMPENHO POR CARGO
A2: Cargo | B2: Quantidade | C2: Média Técnica | D2: Média Comportamental | E2: Média Final
A3: Analista de Sistemas | B3: =CONT.SE('Dados dos Candidatos'!C3:C22;A3) | C3: =MÉDIA.SE('Dados dos Candidatos'!C3:C22;A3;'Dados dos Candidatos'!E3:E22) | D3: =MÉDIA.SE('Dados dos Candidatos'!C3:C22;A3;'Dados dos Candidatos'!F3:F22) | E3: =(C3+D3)/2
A4: Desenvolvedor Java | B4: =CONT.SE('Dados dos Candidatos'!C3:C22;A4) | C4: =MÉDIA.SE('Dados dos Candidatos'!C3:C22;A4;'Dados dos Candidatos'!E3:E22) | D4: =MÉDIA.SE('Dados dos Candidatos'!C3:C22;A4;'Dados dos Candidatos'!F3:F22) | E4: =(C4+D4)/2
A5: Gerente de Projetos | B5: =CONT.SE('Dados dos Candidatos'!C3:C22;A5) | C5: =MÉDIA.SE('Dados dos Candidatos'!C3:C22;A5;'Dados dos Candidatos'!E3:E22) | D5: =MÉDIA.SE('Dados dos Candidatos'!C3:C22;A5;'Dados dos Candidatos'!F3:F22) | E5: =(C5+D5)/2
A6: Analista de Marketing | B6: =CONT.SE('Dados dos Candidatos'!C3:C22;A6) | C6: =MÉDIA.SE('Dados dos Candidatos'!C3:C22;A6;'Dados dos Candidatos'!E3:E22) | D6: =MÉDIA.SE('Dados dos Candidatos'!C3:C22;A6;'Dados dos Candidatos'!F3:F22) | E6: =(C6+D6)/2
A7: Contador Senior | B7: =CONT.SE('Dados dos Candidatos'!C3:C22;A7) | C7: =MÉDIA.SE('Dados dos Candidatos'!C3:C22;A7;'Dados dos Candidatos'!E3:E22) | D7: =MÉDIA.SE('Dados dos Candidatos'!C3:C22;A7;'Dados dos Candidatos'!F3:F22) | E7: =(C7+D7)/2
A8: Engenheiro de Dados | B8: =CONT.SE('Dados dos Candidatos'!C3:C22;A8) | C8: =MÉDIA.SE('Dados dos Candidatos'!C3:C22;A8;'Dados dos Candidatos'!E3:E22) | D8: =MÉDIA.SE('Dados dos Candidatos'!C3:C22;A8;'Dados dos Candidatos'!F3:F22) | E8: =(C8+D8)/2
A9: Analista Financeiro | B9: =CONT.SE('Dados dos Candidatos'!C3:C22;A9) | C9: =MÉDIA.SE('Dados dos Candidatos'!C3:C22;A9;'Dados dos Candidatos'!E3:E22) | D9: =MÉDIA.SE('Dados dos Candidatos'!C3:C22;A9;'Dados dos Candidatos'!F3:F22) | E9: =(C9+D9)/2
A10: Desenvolvedor Python | B10: =CONT.SE('Dados dos Candidatos'!C3:C22;A10) | C10: =MÉDIA.SE('Dados dos Candidatos'!C3:C22;A10;'Dados dos Candidatos'!E3:E22) | D10: =MÉDIA.SE('Dados dos Candidatos'!C3:C22;A10;'Dados dos Candidatos'!F3:F22) | E10: =(C10+D10)/2
